{
    "early_exit_state_mean_exit_layer": {
        "all_sequence_raw_mean_0.025": 0.584280303030303,
        "all_sequence_raw_mean_0.05": 0.6316287878787878,
        "all_sequence_raw_mean_0.1": 0.4393939393939394,
        "all_sequence_raw_mean_0.2": 0.4341856060606061,
        "all_sequence_entropy_0.025": 0.6676136363636364,
        "all_sequence_entropy_0.05": 0.6363636363636364,
        "all_sequence_entropy_0.1": 0.4071969696969697,
        "all_sequence_entropy_0.2": 0.4337121212121212,
        "all_sequence_prob_0.025": 0.6714015151515151,
        "all_sequence_prob_0.05": 0.6287878787878788,
        "all_sequence_prob_0.1": 0.42140151515151514,
        "all_sequence_prob_0.2": 0.46117424242424243,
        "5%_sequence_raw_mean_0.025": 0.5,
        "5%_sequence_raw_mean_0.05": 0.5757575757575758,
        "5%_sequence_raw_mean_0.1": 0.49147727272727276,
        "5%_sequence_raw_mean_0.2": 0.35700757575757575,
        "5%_sequence_entropy_0.025": 0.5,
        "5%_sequence_entropy_0.05": 0.5535037878787878,
        "5%_sequence_entropy_0.1": 0.49337121212121215,
        "5%_sequence_entropy_0.2": 0.43229166666666663,
        "5%_sequence_prob_0.025": 0.5,
        "5%_sequence_prob_0.05": 0.5606060606060607,
        "5%_sequence_prob_0.1": 0.5160984848484849,
        "5%_sequence_prob_0.2": 0.42850378787878785,
        "10%_sequence_raw_mean_0.025": 0.5113636363636364,
        "10%_sequence_raw_mean_0.05": 0.5819128787878788,
        "10%_sequence_raw_mean_0.1": 0.46922348484848486,
        "10%_sequence_raw_mean_0.2": 0.37926136363636365,
        "10%_sequence_entropy_0.025": 0.5113636363636364,
        "10%_sequence_entropy_0.05": 0.6060606060606061,
        "10%_sequence_entropy_0.1": 0.5085227272727273,
        "10%_sequence_entropy_0.2": 0.42613636363636365,
        "10%_sequence_prob_0.025": 0.5113636363636364,
        "10%_sequence_prob_0.05": 0.6051136363636364,
        "10%_sequence_prob_0.1": 0.521780303030303,
        "10%_sequence_prob_0.2": 0.43087121212121215,
        "20%_sequence_raw_mean_0.025": 0.625,
        "20%_sequence_raw_mean_0.05": 0.5956439393939393,
        "20%_sequence_raw_mean_0.1": 0.43702651515151514,
        "20%_sequence_raw_mean_0.2": 0.42945075757575757,
        "20%_sequence_entropy_0.025": 0.625,
        "20%_sequence_entropy_0.05": 0.5852272727272727,
        "20%_sequence_entropy_0.1": 0.4100378787878788,
        "20%_sequence_entropy_0.2": 0.45170454545454547,
        "20%_sequence_prob_0.025": 0.625,
        "20%_sequence_prob_0.05": 0.6051136363636364,
        "20%_sequence_prob_0.1": 0.41571969696969696,
        "20%_sequence_prob_0.2": 0.4498106060606061,
        "40%_sequence_raw_mean_0.025": 0.609375,
        "40%_sequence_raw_mean_0.05": 0.6174242424242424,
        "40%_sequence_raw_mean_0.1": 0.44412878787878785,
        "40%_sequence_raw_mean_0.2": 0.43513257575757575,
        "40%_sequence_entropy_0.025": 0.6131628787878788,
        "40%_sequence_entropy_0.05": 0.5965909090909092,
        "40%_sequence_entropy_0.1": 0.4346590909090909,
        "40%_sequence_entropy_0.2": 0.4384469696969697,
        "40%_sequence_prob_0.025": 0.6112689393939394,
        "40%_sequence_prob_0.05": 0.6070075757575757,
        "40%_sequence_prob_0.1": 0.42803030303030304,
        "40%_sequence_prob_0.2": 0.4630681818181818
    },
    "early_exit_softmax_mean_exit_layer": {
        "all_sequence_raw_mean_0.025": 0.6818181818181819,
        "all_sequence_raw_mean_0.05": 0.7035984848484849,
        "all_sequence_raw_mean_0.1": 0.7291666666666666,
        "all_sequence_raw_mean_0.2": 0.7471590909090908,
        "all_sequence_entropy_0.025": 0.6003787878787878,
        "all_sequence_entropy_0.05": 0.6231060606060606,
        "all_sequence_entropy_0.1": 0.6638257575757576,
        "all_sequence_entropy_0.2": 0.6382575757575757,
        "all_sequence_prob_0.025": 0.5587121212121212,
        "all_sequence_prob_0.05": 0.5738636363636365,
        "all_sequence_prob_0.1": 0.6297348484848485,
        "all_sequence_prob_0.2": 0.6003787878787878,
        "5%_sequence_raw_mean_0.025": 0.5104166666666667,
        "5%_sequence_raw_mean_0.05": 0.4597537878787879,
        "5%_sequence_raw_mean_0.1": 0.5421401515151515,
        "5%_sequence_raw_mean_0.2": 0.5724431818181818,
        "5%_sequence_entropy_0.025": 0.521780303030303,
        "5%_sequence_entropy_0.05": 0.5568181818181818,
        "5%_sequence_entropy_0.1": 0.5037878787878788,
        "5%_sequence_entropy_0.2": 0.6126893939393938,
        "5%_sequence_prob_0.025": 0.5170454545454546,
        "5%_sequence_prob_0.05": 0.5545977011494253,
        "5%_sequence_prob_0.1": 0.5018939393939394,
        "5%_sequence_prob_0.2": 0.6117424242424242,
        "10%_sequence_raw_mean_0.025": 0.5052083333333333,
        "10%_sequence_raw_mean_0.05": 0.5127840909090909,
        "10%_sequence_raw_mean_0.1": 0.5970643939393939,
        "10%_sequence_raw_mean_0.2": 0.5757575757575757,
        "10%_sequence_entropy_0.025": 0.5473484848484849,
        "10%_sequence_entropy_0.05": 0.5179924242424243,
        "10%_sequence_entropy_0.1": 0.5700757575757576,
        "10%_sequence_entropy_0.2": 0.5681818181818182,
        "10%_sequence_prob_0.025": 0.5634469696969697,
        "10%_sequence_prob_0.05": 0.5359848484848485,
        "10%_sequence_prob_0.1": 0.5719696969696969,
        "10%_sequence_prob_0.2": 0.5454545454545454,
        "20%_sequence_raw_mean_0.025": 0.5478219696969697,
        "20%_sequence_raw_mean_0.05": 0.5596590909090909,
        "20%_sequence_raw_mean_0.1": 0.597064393939394,
        "20%_sequence_raw_mean_0.2": 0.6392045454545454,
        "20%_sequence_entropy_0.025": 0.5833333333333333,
        "20%_sequence_entropy_0.05": 0.5577651515151515,
        "20%_sequence_entropy_0.1": 0.5776515151515151,
        "20%_sequence_entropy_0.2": 0.5871212121212122,
        "20%_sequence_prob_0.025": 0.5861742424242424,
        "20%_sequence_prob_0.05": 0.5511363636363636,
        "20%_sequence_prob_0.1": 0.5558712121212122,
        "20%_sequence_prob_0.2": 0.5738636363636364,
        "40%_sequence_raw_mean_0.025": 0.5800189393939394,
        "40%_sequence_raw_mean_0.05": 0.6070075757575757,
        "40%_sequence_raw_mean_0.1": 0.652935606060606,
        "40%_sequence_raw_mean_0.2": 0.6647727272727273,
        "40%_sequence_entropy_0.025": 0.5208333333333333,
        "40%_sequence_entropy_0.05": 0.5738636363636365,
        "40%_sequence_entropy_0.1": 0.6410984848484849,
        "40%_sequence_entropy_0.2": 0.6496212121212122,
        "40%_sequence_prob_0.025": 0.5028409090909091,
        "40%_sequence_prob_0.05": 0.5785984848484849,
        "40%_sequence_prob_0.1": 0.6117424242424242,
        "40%_sequence_prob_0.2": 0.6089015151515151
    },
    "logits_shannon_entropy": {
        "all_sequence_raw_mean": 0.7462121212121213,
        "all_sequence_entropy": 0.7537878787878788,
        "all_sequence_prob": 0.774621212121212,
        "5%_sequence_raw_mean": 0.7803030303030303,
        "5%_sequence_entropy": 0.7859848484848485,
        "5%_sequence_prob": 0.7888257575757576,
        "10%_sequence_raw_mean": 0.7670454545454546,
        "10%_sequence_entropy": 0.7907196969696969,
        "10%_sequence_prob": 0.7935606060606061,
        "20%_sequence_raw_mean": 0.7414772727272727,
        "20%_sequence_entropy": 0.790719696969697,
        "20%_sequence_prob": 0.7973484848484849,
        "40%_sequence_raw_mean": 0.7424242424242424,
        "40%_sequence_entropy": 0.7613636363636364,
        "40%_sequence_prob": 0.7784090909090908
    },
    "logits_predictive_entropy": {
        "all_sequence_raw_mean": 0.7367424242424243,
        "all_sequence_entropy": 0.6676136363636364,
        "all_sequence_prob": 0.65625,
        "5%_sequence_raw_mean": 0.7234848484848484,
        "5%_sequence_entropy": 0.7433712121212122,
        "5%_sequence_prob": 0.7424242424242424,
        "10%_sequence_raw_mean": 0.7121212121212122,
        "10%_sequence_entropy": 0.7414772727272727,