{
    "logits_shannon_entropy": {
        "all_sequence_raw_mean": 0.7425679949399115,
        "all_sequence_entropy": 0.7160025300442757,
        "all_sequence_prob": 0.7103099304237824,
        "all_sequence_attention_rollout": 0.7235926628716003,
        "all_sequence_attention_influence_norm": 0.6654016445287793,
        "all_sequence_attention_influence_angle": 0.650853889943074,
        "all_sequence_attention_influence_projection": 0.6818469323213155,
        "5%_sequence_raw_mean": 0.7191650853889944,
        "5%_sequence_entropy": 0.5572422517394054,
        "5%_sequence_prob": 0.48956356736242884,
        "5%_sequence_attention_rollout": 0.6850094876660342,
        "5%_sequence_attention_influence_norm": 0.6160657811511702,
        "5%_sequence_attention_influence_angle": 0.6008855154965211,
        "5%_sequence_attention_influence_projection": 0.6046805819101835,
        "10%_sequence_raw_mean": 0.7324478178368121,
        "10%_sequence_entropy": 0.6204933586337762,
        "10%_sequence_prob": 0.5730550284629982,
        "10%_sequence_attention_rollout": 0.6951296647691335,
        "10%_sequence_attention_influence_norm": 0.6369386464263125,
        "10%_sequence_attention_influence_angle": 0.618595825426945,
        "10%_sequence_attention_influence_projection": 0.657179000632511,
        "20%_sequence_raw_mean": 0.7400379506641366,
        "20%_sequence_entropy": 0.6976597090449083,
        "20%_sequence_prob": 0.6894370651486401,
        "20%_sequence_attention_rollout": 0.713472485768501,
        "20%_sequence_attention_influence_norm": 0.6483238456672992,
        "20%_sequence_attention_influence_angle": 0.6230234029095509,
        "20%_sequence_attention_influence_projection": 0.6641366223908918,
        "40%_sequence_raw_mean": 0.7419354838709677,
        "40%_sequence_entropy": 0.7160025300442757,
        "40%_sequence_prob": 0.7103099304237824,
        "40%_sequence_attention_rollout": 0.724225173940544,
        "40%_sequence_attention_influence_norm": 0.6647691334598356,
        "40%_sequence_attention_influence_angle": 0.6514864010120176,
        "40%_sequence_attention_influence_projection": 0.6818469323213155
    }
}