{
    "logits_shannon_entropy": {
        "all_sequence_raw_mean": 0.7425679949399115,
        "all_sequence_entropy": 0.7160025300442757,
        "all_sequence_prob": 0.7103099304237824,
        "all_sequence_attention_rollout": 0.7235926628716003,
        "all_sequence_attention_influence_norm": 0.6654016445287793,
        "all_sequence_attention_influence_angle": 0.650853889943074,
        "all_sequence_attention_influence_projection": 0.6818469323213155,
        "5%_sequence_raw_mean": 0.7191650853889944,
        "5%_sequence_entropy": 0.7147375079063883,
        "5%_sequence_prob": 0.6970271979759646,
        "5%_sequence_attention_rollout": 0.5781151170145478,
        "5%_sequence_attention_influence_norm": 0.6881720430107527,
        "5%_sequence_attention_influence_angle": 0.6179633143580013,
        "5%_sequence_attention_influence_projection": 0.6641366223908919,
        "10%_sequence_raw_mean": 0.7324478178368121,
        "10%_sequence_entropy": 0.7292852624920936,
        "10%_sequence_prob": 0.7179000632511069,
        "10%_sequence_attention_rollout": 0.6514864010120177,
        "10%_sequence_attention_influence_norm": 0.6628716002530045,
        "10%_sequence_attention_influence_angle": 0.6350411132194813,
        "10%_sequence_attention_influence_projection": 0.6736242884250475,
        "20%_sequence_raw_mean": 0.7400379506641366,
        "20%_sequence_entropy": 0.7330803289057559,
        "20%_sequence_prob": 0.7197975964579381,
        "20%_sequence_attention_rollout": 0.6622390891840608,
        "20%_sequence_attention_influence_norm": 0.6388361796331437,
        "20%_sequence_attention_influence_angle": 0.6514864010120178,
        "20%_sequence_attention_influence_projection": 0.6559139784946237,
        "40%_sequence_raw_mean": 0.7419354838709677,
        "40%_sequence_entropy": 0.715370018975332,
        "40%_sequence_prob": 0.7103099304237824,
        "40%_sequence_attention_rollout": 0.6805819101834282,
        "40%_sequence_attention_influence_norm": 0.6495888678051867,
        "40%_sequence_attention_influence_angle": 0.646426312460468,
        "40%_sequence_attention_influence_projection": 0.6660341555977229
    }
}