{
  "metrics": {
    "no_influence": {
      "last_layer_mean": {
        "auroc": 0.5405204962243797,
        "mean": 0.42177044086357846
      },
      "last_layer_std": {
        "auroc": 0.5447680690399137,
        "mean": 0.5839855686894485
      },
      "last_layer_max": {
        "auroc": 0.5351604638619202,
        "mean": 2.976353236607143
      },
      "last_layer_q25": {
        "auroc": 0.5424757281553397,
        "mean": 0.002061198721224043
      },
      "last_layer_q50": {
        "auroc": 0.5403519417475728,
        "mean": 0.13204163016052917
      },
      "last_layer_q75": {
        "auroc": 0.5387338187702266,
        "mean": 0.6795582388128553
      },
      "last_layer_q90": {
        "auroc": 0.548779665587918,
        "mean": 1.303416470198759
      },
      "last_layer_q99": {
        "auroc": 0.535935814455232,
        "mean": 2.262058260185378
      },
      "var_last_2_layers_mean": {
        "auroc": 0.543015102481122,
        "mean": 0.26395820451684165
      },
      "var_last_2_layers_std": {
        "auroc": 0.5444309600862999,
        "mean": 0.536303825410349
      },
      "var_last_2_layers_max": {
        "auroc": 0.5205973570658037,
        "mean": 4.417782552407256
      },
      "var_last_2_layers_q25": {
        "auroc": 0.5375202265372168,
        "mean": 0.000037982195616070925
      },
      "var_last_2_layers_q50": {
        "auroc": 0.540722761596548,
        "mean": 0.023422995498978232
      },
      "var_last_2_layers_q75": {
        "auroc": 0.53930690399137,
        "mean": 0.27382433642653375
      },
      "var_last_2_layers_q90": {
        "auroc": 0.5464536138079829,
        "mean": 0.8514712523402912
      },
      "var_last_2_layers_q99": {
        "auroc": 0.5454422869471413,
        "mean": 2.5218346677055314
      },
      "var_last_3_layers_mean": {
        "auroc": 0.542138619201726,
        "mean": 0.18277492895556083
      },
      "var_last_3_layers_std": {
        "auroc": 0.5442286947141317,
        "mean": 0.3538917260843196
      },
      "var_last_3_layers_max": {
        "auroc": 0.5242718446601942,
        "mean": 2.871922722884587
      },
      "var_last_3_layers_q25": {
        "auroc": 0.5382281553398058,
        "mean": 0.00006595662573021062
      },
      "var_last_3_layers_q50": {
        "auroc": 0.5387675296655878,
        "mean": 0.022385225845837402
      },
      "var_last_3_layers_q75": {
        "auroc": 0.5405879180151025,
        "mean": 0.20244853367727447
      },
      "var_last_3_layers_q90": {
        "auroc": 0.5453748651564186,
        "mean": 0.5819102780826922
      },
      "var_last_3_layers_q99": {
        "auroc": 0.5384978425026969,
        "mean": 1.6516841858558888
      },
      "var_last_4_layers_mean": {
        "auroc": 0.5405879180151025,
        "mean": 0.14317139380727895
      },
      "var_last_4_layers_std": {
        "auroc": 0.544093851132686,
        "mean": 0.26739059877581894
      },
      "var_last_4_layers_max": {
        "auroc": 0.5298678532901834,
        "mean": 2.1435113537923565
      },
      "var_last_4_layers_q25": {
        "auroc": 0.5395091693635382,
        "mean": 0.00012157595218454734
      },
      "var_last_4_layers_q50": {
        "auroc": 0.5393069039913699,
        "mean": 0.02170194860963185
      },
      "var_last_4_layers_q75": {
        "auroc": 0.5355987055016181,
        "mean": 0.1663162275128148
      },
      "var_last_4_layers_q90": {
        "auroc": 0.5457793959007552,
        "mean": 0.4505808054153541
      },
      "var_last_4_layers_q99": {
        "auroc": 0.5397788565264294,
        "mean": 1.2421030716172285
      }
    },
    "rollout_influence": {
      "last_layer_mean": {
        "auroc": 0.5387675296655879,
        "mean": 0.40939345930902554
      },
      "last_layer_std": {
        "auroc": 0.5366774541531824,
        "mean": 0.5820972674991935
      },
      "last_layer_max": {
        "auroc": 0.5349581984897519,
        "mean": 2.9498465401785716
      },
      "last_layer_q25": {
        "auroc": 0.5569377022653721,
        "mean": 0.0010177920022605186
      },
      "last_layer_q50": {
        "auroc": 0.549049352750809,
        "mean": 0.09879869210999459
      },
      "last_layer_q75": {
        "auroc": 0.5454422869471413,
        "mean": 0.6643335138048444
      },
      "last_layer_q90": {
        "auroc": 0.5392731930960086,
        "mean": 1.300997052873884
      },
      "last_layer_q99": {
        "auroc": 0.5078883495145631,
        "mean": 2.27557373046875
      },
      "var_last_2_layers_mean": {
        "auroc": 0.5406553398058251,
        "mean": 0.2494940639174144
      },
      "var_last_2_layers_std": {
        "auroc": 0.5376887810140237,
        "mean": 0.5240464872747127
      },
      "var_last_2_layers_max": {
        "auroc": 0.5180690399137001,
        "mean": 4.334220164189381
      },
      "var_last_2_layers_q25": {
        "auroc": 0.5608481661272924,
        "mean": 0.000010156867961744933
      },
      "var_last_2_layers_q50": {
        "auroc": 0.5474312297734627,
        "mean": 0.014162158916490478
      },
      "var_last_2_layers_q75": {
        "auroc": 0.5433185005393742,
        "mean": 0.24292991831718172
      },
      "var_last_2_layers_q90": {
        "auroc": 0.5403519417475728,
        "mean": 0.8177959734873314
      },
      "var_last_2_layers_q99": {
        "auroc": 0.5248449298813376,
        "mean": 2.5191933579210724
      },
      "var_last_3_layers_mean": {
        "auroc": 0.5383629989212513,
        "mean": 0.1734044259439023
      },
      "var_last_3_layers_std": {
        "auroc": 0.5358683926645091,
        "mean": 0.3460299481022438
      },
      "var_last_3_layers_max": {
        "auroc": 0.5205636461704423,
        "mean": 2.824410094214337
      },
      "var_last_3_layers_q25": {
        "auroc": 0.5621628910463863,
        "mean": 0.000019302016514445294
      },
      "var_last_3_layers_q50": {
        "auroc": 0.5460827939590075,
        "mean": 0.015119267816906614
      },
      "var_last_3_layers_q75": {
        "auroc": 0.5465210355987056,
        "mean": 0.18390604974012245
      },
      "var_last_3_layers_q90": {
        "auroc": 0.5450377562028048,
        "mean": 0.5605209834424646
      },
      "var_last_3_layers_q99": {
        "auroc": 0.5144956850053938,
        "mean": 1.6549778237406696
      },
      "var_last_4_layers_mean": {
        "auroc": 0.5378236245954693,
        "mean": 0.1367517420814173
      },
      "var_last_4_layers_std": {
        "auroc": 0.5345873786407768,
        "mean": 0.26156051330534474
      },
      "var_last_4_layers_max": {
        "auroc": 0.5289913700107874,
        "mean": 2.1058249858740186
      },
      "var_last_4_layers_q25": {
        "auroc": 0.5636124595469256,
        "mean": 0.0000388607206057406
      },
      "var_last_4_layers_q50": {
        "auroc": 0.5501618122977346,
        "mean": 0.016518462680519517
      },
      "var_last_4_layers_q75": {
        "auroc": 0.546655879180151,
        "mean": 0.15379480487003352
      },
      "var_last_4_layers_q90": {
        "auroc": 0.5445658036677454,
        "mean": 0.43608528250894907
      },
      "var_last_4_layers_q99": {
        "auroc": 0.5116639697950377,
        "mean": 1.2429902860562183
      }
    },
    "additive_influence": {
      "last_layer_mean": {
        "auroc": 0.5435544768069039,
        "mean": 0.4575104576568784
      },
      "last_layer_std": {
        "auroc": 0.5451725997842503,
        "mean": 0.5986528553600822
      },
      "last_layer_max": {
        "auroc": 0.5351604638619202,
        "mean": 2.976353236607143
      },
      "last_layer_q25": {
        "auroc": 0.5459816612729235,
        "mean": 0.004563860559885923
      },
      "last_layer_q50": {
        "auroc": 0.5465547464940669,
        "mean": 0.1771570251023929
      },
      "last_layer_q75": {
        "auroc": 0.5422060409924488,
        "mean": 0.7503248367990766
      },