{
  "metrics": {
    "no_influence": {
      "last_layer_mean": {
        "auroc": 0.7611226899833037,
        "mean": 0.14535824246214613
      },
      "last_layer_std": {
        "auroc": 0.7875213335024414,
        "mean": 0.3012473662799479
      },
      "last_layer_max": {
        "auroc": 0.8149543862805466,
        "mean": 1.6812519064335347
      },
      "last_layer_q25": {
        "auroc": 0.8144121709564073,
        "mean": 0.00003354370166490451
      },
      "last_layer_q50": {
        "auroc": 0.7640589730958786,
        "mean": 0.003452745054964041
      },
      "last_layer_q75": {
        "auroc": 0.7281526552483407,
        "mean": 0.12054111628005612
      },
      "last_layer_q90": {
        "auroc": 0.7454795546459287,
        "mean": 0.5492685548782047
      },
      "last_layer_q99": {
        "auroc": 0.7966027925219152,
        "mean": 1.2851946985335039
      },
      "var_last_2_layers_mean": {
        "auroc": 0.7812398045246787,
        "mean": 0.05512801013673704
      },
      "var_last_2_layers_std": {
        "auroc": 0.7992587629343877,
        "mean": 0.16549726856575608
      },
      "var_last_2_layers_max": {
        "auroc": 0.8095229039811458,
        "mean": 1.4055772700267426
      },
      "var_last_2_layers_q25": {
        "auroc": 0.8029116334538421,
        "mean": 6.243992163024789e-8
      },
      "var_last_2_layers_q50": {
        "auroc": 0.7446169819502433,
        "mean": 0.00011393335987461432
      },
      "var_last_2_layers_q75": {
        "auroc": 0.7185093168489292,
        "mean": 0.01726388807579589
      },
      "var_last_2_layers_q90": {
        "auroc": 0.7427458237100724,
        "mean": 0.16025667643208694
      },
      "var_last_2_layers_q99": {
        "auroc": 0.7920106636231614,
        "mean": 0.7908089062265559
      },
      "var_last_3_layers_mean": {
        "auroc": 0.7775260953182239,
        "mean": 0.04090376904972939
      },
      "var_last_3_layers_std": {
        "auroc": 0.8010774469457712,
        "mean": 0.11160811939805164
      },
      "var_last_3_layers_max": {
        "auroc": 0.8101012780175588,
        "mean": 0.912535888627227
      },
      "var_last_3_layers_q25": {
        "auroc": 0.7838094983755863,
        "mean": 9.300742918154551e-8
      },
      "var_last_3_layers_q50": {
        "auroc": 0.7184184239883512,
        "mean": 0.00015478459988083998
      },
      "var_last_3_layers_q75": {
        "auroc": 0.7056391992190159,
        "mean": 0.019193843501446865
      },
      "var_last_3_layers_q90": {
        "auroc": 0.7378842683088895,
        "mean": 0.12846788955174296
      },
      "var_last_3_layers_q99": {
        "auroc": 0.7966740626666863,
        "mean": 0.5287041699958923
      },
      "var_last_4_layers_mean": {
        "auroc": 0.7718567427096511,
        "mean": 0.034546989244578004
      },
      "var_last_4_layers_std": {
        "auroc": 0.7995194253586893,
        "mean": 0.08771755551909018
      },
      "var_last_4_layers_max": {
        "auroc": 0.809400510047299,
        "mean": 0.6937022036927116
      },
      "var_last_4_layers_q25": {
        "auroc": 0.7587679089664732,
        "mean": 1.8195257371938066e-7
      },
      "var_last_4_layers_q50": {
        "auroc": 0.6948294805288366,
        "mean": 0.00020982238680037648
      },
      "var_last_4_layers_q75": {
        "auroc": 0.6931116109759109,
        "mean": 0.021239265681215837
      },
      "var_last_4_layers_q90": {
        "auroc": 0.7376943661694678,
        "mean": 0.11154460180185698
      },
      "var_last_4_layers_q99": {
        "auroc": 0.794677175733381,
        "mean": 0.4125217048163025
      }
    },
    "rollout_influence": {
      "last_layer_mean": {
        "auroc": 0.7911037331169544,
        "mean": 0.1534447343456855
      },
      "last_layer_std": {
        "auroc": 0.8072093527155055,
        "mean": 0.30947143799428195
      },
      "last_layer_max": {
        "auroc": 0.8148575129012465,
        "mean": 1.6808919459322524
      },
      "last_layer_q25": {
        "auroc": 0.8206627087207924,
        "mean": 0.000034591438729549355
      },
      "last_layer_q50": {
        "auroc": 0.7836830944625963,
        "mean": 0.004059027861156066
      },
      "last_layer_q75": {
        "auroc": 0.762708175104517,
        "mean": 0.13945405867232097
      },
      "last_layer_q90": {
        "auroc": 0.7702657180296213,
        "mean": 0.5847954309472809
      },
      "last_layer_q99": {
        "auroc": 0.7880767362837631,
        "mean": 1.3714987863450243
      },
      "var_last_2_layers_mean": {
        "auroc": 0.8008362694373059,
        "mean": 0.05968606711349066
      },
      "var_last_2_layers_std": {
        "auroc": 0.8083232036574978,
        "mean": 0.17326865160253968
      },
      "var_last_2_layers_max": {
        "auroc": 0.8094115478249404,
        "mean": 1.4047035325649226
      },
      "var_last_2_layers_q25": {
        "auroc": 0.8112768771263568,
        "mean": 6.89089797491065e-8
      },
      "var_last_2_layers_q50": {
        "auroc": 0.7685729694113279,
        "mean": 0.00014852819095708872
      },
      "var_last_2_layers_q75": {
        "auroc": 0.7533975822940047,
        "mean": 0.021320898768308075
      },
      "var_last_2_layers_q90": {
        "auroc": 0.7636409844451943,
        "mean": 0.18058242738148042
      },
      "var_last_2_layers_q99": {
        "auroc": 0.7842692266373517,
        "mean": 0.9126393845732721
      },
      "var_last_3_layers_mean": {
        "auroc": 0.8006370382398778,
        "mean": 0.043920504497091443
      },
      "var_last_3_layers_std": {
        "auroc": 0.8103089425731851,
        "mean": 0.11654738076857064
      },
      "var_last_3_layers_max": {
        "auroc": 0.8099977764596752,
        "mean": 0.9119909589902023
      },
      "var_last_3_layers_q25": {
        "auroc": 0.8006322152409082,
        "mean": 1.1714540974840109e-7
      },
      "var_last_3_layers_q50": {
        "auroc": 0.7510366416184904,
        "mean": 0.00019984689032583134
      },
      "var_last_3_layers_q75": {
        "auroc": 0.7431489850839249,
        "mean": 0.022989923776643068
      },
      "var_last_3_layers_q90": {
        "auroc": 0.7635357741676758,
        "mean": 0.14078908989415523
      },
      "var_last_3_layers_q99": {
        "auroc": 0.7873137929667888,
        "mean": 0.6049670335430791
      },
      "var_last_4_layers_mean": {
        "auroc": 0.7959487249616763,
        "mean": 0.037322170425035245
      },
      "var_last_4_layers_std": {
        "auroc": 0.8080795457495626,
        "mean": 0.09166592075878123
      },
      "var_last_4_layers_max": {
        "auroc": 0.8092967466694712,
        "mean": 0.693267955396758
      },
      "var_last_4_layers_q25": {
        "auroc": 0.7759823911480827,
        "mean": 2.441758133923963e-7
      },
      "var_last_4_layers_q50": {
        "auroc": 0.7280726899254275,
        "mean": 0.0002991718242949382
      },
      "var_last_4_layers_q75": {
        "auroc": 0.7326228036131593,
        "mean": 0.025922389925599105
      },
      "var_last_4_layers_q90": {
        "auroc": 0.7628549871931463,
        "mean": 0.12180891488173282
      },
      "var_last_4_layers_q99": {
        "auroc": 0.7844283167033572,
        "mean": 0.46919314177463856
      }
    },
    "additive_influence": {
      "last_layer_mean": {
        "auroc": 0.7703730090866954,
        "mean": 0.15464773680005567
      },
      "last_layer_std": {
        "auroc": 0.7950068070429455,
        "mean": 0.3096208933102048
      },
      "last_layer_max": {
        "auroc": 0.8149543862805466,
        "mean": 1.6812519064335347
      },
      "last_layer_q25": {
        "auroc": 0.8172428992915373,
        "mean": 0.00004798106868460205
      },
      "last_layer_q50": {
        "auroc": 0.7651807061961867,
        "mean": 0.0048339074553128475
      },
      "last_layer_q75": {
        "auroc": 0.7352712088072482,