{
  "metrics": {
    "no_influence": {
      "last_layer_mean": {
        "auroc": 0.649884643960427,
        "mean": 0.162567329097733
      },
      "last_layer_std": {
        "auroc": 0.6619090446955773,
        "mean": 0.34070049751700693
      },
      "last_layer_max": {
        "auroc": 0.6527001134008524,
        "mean": 2.178163385115607
      },
      "last_layer_q25": {
        "auroc": 0.639282641848825,
        "mean": 0.000046766713045260226
      },
      "last_layer_q50": {
        "auroc": 0.6247849294177453,
        "mean": 0.004707604081429153
      },
      "last_layer_q75": {
        "auroc": 0.6238611035076056,
        "mean": 0.12861566667611887
      },
      "last_layer_q90": {
        "auroc": 0.6455734563797755,
        "mean": 0.6192005044764521
      },
      "last_layer_q99": {
        "auroc": 0.6608190278809681,
        "mean": 1.511580898496457
      },
      "var_last_2_layers_mean": {
        "auroc": 0.6574414421460134,
        "mean": 0.07165029077828361
      },
      "var_last_2_layers_std": {
        "auroc": 0.6647440660071169,
        "mean": 0.2213621756406447
      },
      "var_last_2_layers_max": {
        "auroc": 0.6547237320611583,
        "mean": 2.354525872091682
      },
      "var_last_2_layers_q25": {
        "auroc": 0.6377820357408204,
        "mean": 3.256726350977391e-7
      },
      "var_last_2_layers_q50": {
        "auroc": 0.6207767958393619,
        "mean": 0.0003796810173470872
      },
      "var_last_2_layers_q75": {
        "auroc": 0.6253226058733822,
        "mean": 0.022399463193762934
      },
      "var_last_2_layers_q90": {
        "auroc": 0.6420345677081296,
        "mean": 0.20447770391141382
      },
      "var_last_2_layers_q99": {
        "auroc": 0.6573925624682282,
        "mean": 1.097422064018215
      },
      "var_last_3_layers_mean": {
        "auroc": 0.6562585539436124,
        "mean": 0.052698671006236895
      },
      "var_last_3_layers_std": {
        "auroc": 0.6642650451648222,
        "mean": 0.1486679018512799
      },
      "var_last_3_layers_max": {
        "auroc": 0.6607799241387401,
        "mean": 1.5320096467271707
      },
      "var_last_3_layers_q25": {
        "auroc": 0.6308411214953271,
        "mean": 6.789210156405153e-7
      },
      "var_last_3_layers_q50": {
        "auroc": 0.6202635592226176,
        "mean": 0.0004399946059799345
      },
      "var_last_3_layers_q75": {
        "auroc": 0.6283971376060689,
        "mean": 0.023579041807045235
      },
      "var_last_3_layers_q90": {
        "auroc": 0.6430952567160678,
        "mean": 0.16070797123321778
      },
      "var_last_3_layers_q99": {
        "auroc": 0.6533551010831736,
        "mean": 0.7310260002625126
      },
      "var_last_4_layers_mean": {
        "auroc": 0.6596214757752317,
        "mean": 0.044516043724072286
      },
      "var_last_4_layers_std": {
        "auroc": 0.667510655769757,
        "mean": 0.11577086470956575
      },
      "var_last_4_layers_max": {
        "auroc": 0.6554227114534861,
        "mean": 1.1468644619978576
      },
      "var_last_4_layers_q25": {
        "auroc": 0.6273217846947954,
        "mean": 6.567084547024406e-7
      },
      "var_last_4_layers_q50": {
        "auroc": 0.617540961169984,
        "mean": 0.0005417483947643676
      },
      "var_last_4_layers_q75": {
        "auroc": 0.6338814374535644,
        "mean": 0.027130652256289852
      },
      "var_last_4_layers_q90": {
        "auroc": 0.6512092832284049,
        "mean": 0.13904736687784552
      },
      "var_last_4_layers_q99": {
        "auroc": 0.659093575255152,
        "mean": 0.567630922378746
      }
    },
    "rollout_influence": {},
    "additive_influence": {
      "last_layer_mean": {
        "auroc": 0.6465608258710359,
        "mean": 0.18043659428252995
      },
      "last_layer_std": {
        "auroc": 0.6544988855433465,
        "mean": 0.35497431851105193
      },
      "last_layer_max": {
        "auroc": 0.6527001134008524,
        "mean": 2.178163385115607
      },
      "last_layer_q25": {
        "auroc": 0.6422300864192704,
        "mean": 0.0000833904769707665
      },
      "last_layer_q50": {
        "auroc": 0.6266863488835882,
        "mean": 0.00745090350745558
      },
      "last_layer_q75": {
        "auroc": 0.6302887811363548,
        "mean": 0.1719237752043443
      },
      "last_layer_q90": {
        "auroc": 0.6407245923434873,
        "mean": 0.6793636255870664
      },
      "last_layer_q99": {
        "auroc": 0.6487359715324756,
        "mean": 1.560371884031792
      },
      "var_last_2_layers_mean": {
        "auroc": 0.6515758808117936,
        "mean": 0.07955651542284886
      },
      "var_last_2_layers_std": {
        "auroc": 0.6560337074258007,
        "mean": 0.23103554697567327
      },
      "var_last_2_layers_max": {
        "auroc": 0.6547237320611583,
        "mean": 2.354525872091682
      },
      "var_last_2_layers_q25": {
        "auroc": 0.6410911899268761,
        "mean": 9.565029885507803e-7
      },
      "var_last_2_layers_q50": {
        "auroc": 0.6190904469557738,
        "mean": 0.0006325119130659149
      },
      "var_last_2_layers_q75": {
        "auroc": 0.6298488640362883,
        "mean": 0.0315521418456533
      },
      "var_last_2_layers_q90": {
        "auroc": 0.6404606420834473,
        "mean": 0.23693369067613188
      },
      "var_last_2_layers_q99": {
        "auroc": 0.6452166347319439,
        "mean": 1.175590904461855
      },
      "var_last_3_layers_mean": {
        "auroc": 0.6497380049270716,
        "mean": 0.057987220335019636
      },
      "var_last_3_layers_std": {
        "auroc": 0.6556231181324053,
        "mean": 0.15471717149471445
      },
      "var_last_3_layers_max": {
        "auroc": 0.6607799241387401,
        "mean": 1.5320096467271707
      },
      "var_last_3_layers_q25": {
        "auroc": 0.6319213623743793,
        "mean": 0.0000012534451443305703
      },
      "var_last_3_layers_q50": {
        "auroc": 0.6202586712548391,
        "mean": 0.0007443464528365137
      },
      "var_last_3_layers_q75": {
        "auroc": 0.6307433621397567,
        "mean": 0.03204544703979129
      },
      "var_last_3_layers_q90": {
        "auroc": 0.6388964923943221,
        "mean": 0.17948968034382976
      },
      "var_last_3_layers_q99": {
        "auroc": 0.636613811441755,
        "mean": 0.778768496770907
      },
      "var_last_4_layers_mean": {
        "auroc": 0.6532866695342745,
        "mean": 0.04846023204817162
      },
      "var_last_4_layers_std": {
        "auroc": 0.6586634340906427,
        "mean": 0.12007204889497489
      },
      "var_last_4_layers_max": {
        "auroc": 0.6554227114534861,
        "mean": 1.1468644619978576
      },
      "var_last_4_layers_q25": {
        "auroc": 0.6291205568372893,
        "mean": 0.000001469003618419469
      },
      "var_last_4_layers_q50": {
        "auroc": 0.6167931020998709,
        "mean": 0.0008807832208045792
      },
      "var_last_4_layers_q75": {
        "auroc": 0.6329576115434247,
        "mean": 0.034601505781724905
      },
      "var_last_4_layers_q90": {
        "auroc": 0.6474504360067258,
        "mean": 0.15147362206927958
      },
      "var_last_4_layers_q99": {
        "auroc": 0.6408467915379502,
        "mean": 0.6002263843022675
      }
    },
    "geometric_influence": {
      "last_layer_mean": {
        "auroc": 0.6497477808626286,
        "mean": 0.16883121521314445
      },
      "last_layer_std": {
        "auroc": 0.6598169944863723,
        "mean": 0.3436672379817232
      },
      "last_layer_max": {
        "auroc": 0.6527001134008524,
        "mean": 2.178163385115607
      },
      "last_layer_q25": {
        "auroc": 0.6433885347827788,
        "mean": 0.000060167871312994637
      },
      "last_layer_q50": {
        "auroc": 0.6267694443358229,
        "mean": 0.005828691264237627
      },
      "last_layer_q75": {
        "auroc": 0.6290130215461619,