{
  "metrics": {
    "no_influence": {
      "last_layer_mean": {
        "auroc": 0.7622918497312638,
        "mean": 0.09135079829615005
      },
      "last_layer_std": {
        "auroc": 0.774300258911189,
        "mean": 0.22255777807204133
      },
      "last_layer_max": {
        "auroc": 0.7676785509135081,
        "mean": 1.2093126400876488
      },
      "last_layer_q25": {
        "auroc": 0.7336723382869634,
        "mean": 5.606068195741679e-7
      },
      "last_layer_q50": {
        "auroc": 0.748366779170535,
        "mean": 0.00032255961651380413
      },
      "last_layer_q75": {
        "auroc": 0.7446664161980731,
        "mean": 0.03487133945731121
      },
      "last_layer_q90": {
        "auroc": 0.7500324914247035,
        "mean": 0.34759830943872916
      },
      "last_layer_q99": {
        "auroc": 0.7697882756745464,
        "mean": 0.9575280366764799
      },
      "var_last_2_layers_mean": {
        "auroc": 0.7709698324329624,
        "mean": 0.02997849111859128
      },
      "var_last_2_layers_std": {
        "auroc": 0.7757920921416883,
        "mean": 0.09539316965042238
      },
      "var_last_2_layers_max": {
        "auroc": 0.7662071218541537,
        "mean": 0.7257753773979373
      },
      "var_last_2_layers_q25": {
        "auroc": 0.7233600258334548,
        "mean": 4.4373579016539536e-10
      },
      "var_last_2_layers_q50": {
        "auroc": 0.7419423484579991,
        "mean": 0.000010521295338969614
      },
      "var_last_2_layers_q75": {
        "auroc": 0.734692657736441,
        "mean": 0.0037932695060367673
      },
      "var_last_2_layers_q90": {
        "auroc": 0.7453764591754675,
        "mean": 0.08348728382838445
      },
      "var_last_2_layers_q99": {
        "auroc": 0.7668628276366514,
        "mean": 0.44487665931258147
      },
      "var_last_3_layers_mean": {
        "auroc": 0.7682545251794126,
        "mean": 0.023310018995026282
      },
      "var_last_3_layers_std": {
        "auroc": 0.776633542416945,
        "mean": 0.06644370054152418
      },
      "var_last_3_layers_max": {
        "auroc": 0.7642723850391295,
        "mean": 0.4809779019982209
      },
      "var_last_3_layers_q25": {
        "auroc": 0.720336549060277,
        "mean": 4.903870864850255e-10
      },
      "var_last_3_layers_q50": {
        "auroc": 0.7360129406801953,
        "mean": 0.000014133793350884472
      },
      "var_last_3_layers_q75": {
        "auroc": 0.7285636439365678,
        "mean": 0.00492119081235131
      },
      "var_last_3_layers_q90": {
        "auroc": 0.7394817606670567,
        "mean": 0.07818919245700284
      },
      "var_last_3_layers_q99": {
        "auroc": 0.7705934641891271,
        "mean": 0.30319929464197887
      },
      "var_last_4_layers_mean": {
        "auroc": 0.7623734664158432,
        "mean": 0.02078511574949656
      },
      "var_last_4_layers_std": {
        "auroc": 0.7743394038699616,
        "mean": 0.05477380250349679
      },
      "var_last_4_layers_max": {
        "auroc": 0.7586072334560984,
        "mean": 0.3809501386328457
      },
      "var_last_4_layers_q25": {
        "auroc": 0.7201439292489801,
        "mean": 1.5049941684460481e-9
      },
      "var_last_4_layers_q50": {
        "auroc": 0.7289513231883203,
        "mean": 0.000019450844257513277
      },
      "var_last_4_layers_q75": {
        "auroc": 0.7178618779555553,
        "mean": 0.006616254064378327
      },
      "var_last_4_layers_q90": {
        "auroc": 0.7366626582820309,
        "mean": 0.0750951161653442
      },
      "var_last_4_layers_q99": {
        "auroc": 0.7681638153316055,
        "mean": 0.2468087744567467
      }
    },
    "rollout_influence": {
      "last_layer_mean": {
        "auroc": 0.7670528969265551,
        "mean": 0.09652326771149243
      },
      "last_layer_std": {
        "auroc": 0.7749530814955902,
        "mean": 0.22815915969958525
      },
      "last_layer_max": {
        "auroc": 0.7676411802304872,
        "mean": 1.2089760115582764
      },
      "last_layer_q25": {
        "auroc": 0.7264543627444674,
        "mean": 0.000001340475255895859
      },
      "last_layer_q50": {
        "auroc": 0.7495088582934749,
        "mean": 0.0005781169179955339
      },
      "last_layer_q75": {
        "auroc": 0.7518409219846516,
        "mean": 0.04317800783490291
      },
      "last_layer_q90": {
        "auroc": 0.7503518610600145,
        "mean": 0.3840016635980023
      },
      "last_layer_q99": {
        "auroc": 0.7569604837740265,
        "mean": 1.027724547955975
      },
      "var_last_2_layers_mean": {
        "auroc": 0.7692379175148075,
        "mean": 0.032126361613057056
      },
      "var_last_2_layers_std": {
        "auroc": 0.7728248377313933,
        "mean": 0.09837726595515313
      },
      "var_last_2_layers_max": {
        "auroc": 0.7662181001853674,
        "mean": 0.7250568257542829
      },
      "var_last_2_layers_q25": {
        "auroc": 0.7213667379186237,
        "mean": 5.177168337043216e-9
      },
      "var_last_2_layers_q50": {
        "auroc": 0.7445382247750107,
        "mean": 0.000024329909921972717
      },
      "var_last_2_layers_q75": {
        "auroc": 0.7400327841802026,
        "mean": 0.005238259774097845
      },
      "var_last_2_layers_q90": {
        "auroc": 0.7425086750995037,
        "mean": 0.09785672654508867
      },
      "var_last_2_layers_q99": {
        "auroc": 0.7510855240833536,
        "mean": 0.5155519063163398
      },
      "var_last_3_layers_mean": {
        "auroc": 0.7664600670410093,
        "mean": 0.02481574617643991
      },
      "var_last_3_layers_std": {
        "auroc": 0.7746146383959481,
        "mean": 0.06833808865415865
      },
      "var_last_3_layers_max": {
        "auroc": 0.764255972988426,
        "mean": 0.48044087874487384
      },
      "var_last_3_layers_q25": {
        "auroc": 0.7188705537204123,
        "mean": 7.527311887857285e-9
      },
      "var_last_3_layers_q50": {
        "auroc": 0.7354040314206493,
        "mean": 0.00003219021662400925
      },
      "var_last_3_layers_q75": {
        "auroc": 0.7289825947984443,
        "mean": 0.006703611575851443
      },
      "var_last_3_layers_q90": {
        "auroc": 0.7327822063207687,
        "mean": 0.08754444493534999
      },
      "var_last_3_layers_q99": {
        "auroc": 0.7566273635016397,
        "mean": 0.3471054227310587
      },
      "var_last_4_layers_mean": {
        "auroc": 0.7562223850613079,
        "mean": 0.023147857629017457
      },
      "var_last_4_layers_std": {
        "auroc": 0.7645110251277368,
        "mean": 0.057843532426703745
      },
      "var_last_4_layers_max": {
        "auroc": 0.7585670904672156,
        "mean": 0.3805872664726931
      },
      "var_last_4_layers_q25": {
        "auroc": 0.7132366737475053,
        "mean": 1.2298999764740659e-8
      },
      "var_last_4_layers_q50": {
        "auroc": 0.7280861419748843,
        "mean": 0.000050681044694234375
      },
      "var_last_4_layers_q75": {
        "auroc": 0.7176059386783685,
        "mean": 0.01009026660162326
      },
      "var_last_4_layers_q90": {
        "auroc": 0.7295147666317282,
        "mean": 0.08593316398549457
      },
      "var_last_4_layers_q99": {
        "auroc": 0.7496417071903856,
        "mean": 0.283571397218438
      }
    },
    "additive_influence": {
      "last_layer_mean": {
        "auroc": 0.7677192483635632,
        "mean": 0.10013058933074363
      },
      "last_layer_std": {
        "auroc": 0.7773057711423808,
        "mean": 0.23164909170080855
      },
      "last_layer_max": {
        "auroc": 0.7676785509135081,
        "mean": 1.2093126400876488
      },
      "last_layer_q25": {
        "auroc": 0.7392773862789046,
        "mean": 0.0000012344464146332518
      },
      "last_layer_q50": {
        "auroc": 0.7593279220880031,
        "mean": 0.000597046805882035
      },
      "last_layer_q75": {
        "auroc": 0.7482711900644107,