{
  "metrics": {
    "no_influence": {
      "last_layer_mean": {
        "auroc": 0.7085322745472515,
        "mean": 0.14948932337388396
      },
      "last_layer_std": {
        "auroc": 0.746326916955655,
        "mean": 0.30960232961177825
      },
      "last_layer_max": {
        "auroc": 0.7913839607310984,
        "mean": 1.7698671875
      },
      "last_layer_q25": {
        "auroc": 0.7710626392588498,
        "mean": 0.000027373730887120473
      },
      "last_layer_q50": {
        "auroc": 0.7185421587844063,
        "mean": 0.0035823457585647703
      },
      "last_layer_q75": {
        "auroc": 0.6611549479821078,
        "mean": 0.12339418768882751
      },
      "last_layer_q90": {
        "auroc": 0.685262434872929,
        "mean": 0.5670616597570479
      },
      "last_layer_q99": {
        "auroc": 0.761538590407264,
        "mean": 1.323996576309204
      },
      "var_last_2_layers_mean": {
        "auroc": 0.7384697860649009,
        "mean": 0.057736158197745684
      },
      "var_last_2_layers_std": {
        "auroc": 0.7698312978505972,
        "mean": 0.17563587701693179
      },
      "var_last_2_layers_max": {
        "auroc": 0.7928498433599704,
        "mean": 1.5373004156351089
      },
      "var_last_2_layers_q25": {
        "auroc": 0.7553232480608467,
        "mean": 7.177566041429429e-9
      },
      "var_last_2_layers_q50": {
        "auroc": 0.6950210249451342,
        "mean": 0.00013728126088613824
      },
      "var_last_2_layers_q75": {
        "auroc": 0.6515806402975323,
        "mean": 0.0175878845669196
      },
      "var_last_2_layers_q90": {
        "auroc": 0.6840227169925115,
        "mean": 0.1659255555056152
      },
      "var_last_2_layers_q99": {
        "auroc": 0.7579869662093114,
        "mean": 0.842885489910841
      },
      "var_last_3_layers_mean": {
        "auroc": 0.7314335494463151,
        "mean": 0.04251972192712128
      },
      "var_last_3_layers_std": {
        "auroc": 0.7698145449062672,
        "mean": 0.11761866787075996
      },
      "var_last_3_layers_max": {
        "auroc": 0.7910824077331591,
        "mean": 0.9936553892195225
      },
      "var_last_3_layers_q25": {
        "auroc": 0.7345328441473589,
        "mean": 1.3679675626519306e-8
      },
      "var_last_3_layers_q50": {
        "auroc": 0.6588933004975625,
        "mean": 0.00016527822300901695
      },
      "var_last_3_layers_q75": {
        "auroc": 0.6393509909366571,
        "mean": 0.01949262360659634
      },
      "var_last_3_layers_q90": {
        "auroc": 0.6846258229883904,
        "mean": 0.13095136899629142
      },
      "var_last_3_layers_q99": {
        "auroc": 0.762996096563971,
        "mean": 0.5591170318573714
      },
      "var_last_4_layers_mean": {
        "auroc": 0.7277814075823825,
        "mean": 0.035748539168387654
      },
      "var_last_4_layers_std": {
        "auroc": 0.7662796736526445,
        "mean": 0.0921967339888215
      },
      "var_last_4_layers_max": {
        "auroc": 0.7842723358630279,
        "mean": 0.7590962153077125
      },
      "var_last_4_layers_q25": {
        "auroc": 0.7198070060813188,
        "mean": 1.0011623574862436e-7
      },
      "var_last_4_layers_q50": {
        "auroc": 0.6409173912315089,
        "mean": 0.0002341496635822665
      },
      "var_last_4_layers_q75": {
        "auroc": 0.6380861436397447,
        "mean": 0.021395212318342603
      },
      "var_last_4_layers_q90": {
        "auroc": 0.68966845923171,
        "mean": 0.11286350010312163
      },
      "var_last_4_layers_q99": {
        "auroc": 0.760617178469116,
        "mean": 0.43430766843259333
      }
    },
    "rollout_influence": {
      "last_layer_mean": {
        "auroc": 0.7643028262217085,
        "mean": 0.15819617340527475
      },
      "last_layer_std": {
        "auroc": 0.7862994421269539,
        "mean": 0.31810919964313505
      },
      "last_layer_max": {
        "auroc": 0.7912666901207887,
        "mean": 1.7693359375
      },
      "last_layer_q25": {
        "auroc": 0.7962925734197785,
        "mean": 0.00003940993937430903
      },
      "last_layer_q50": {
        "auroc": 0.7452966108793622,
        "mean": 0.004587674554437399
      },
      "last_layer_q75": {
        "auroc": 0.7260223484277363,
        "mean": 0.14343659782409668
      },
      "last_layer_q90": {
        "auroc": 0.7515705885309343,
        "mean": 0.6040440673828125
      },
      "last_layer_q99": {
        "auroc": 0.7631301201186109,
        "mean": 1.400734375
      },
      "var_last_2_layers_mean": {
        "auroc": 0.7764989696939237,
        "mean": 0.06275149814784527
      },
      "var_last_2_layers_std": {
        "auroc": 0.7859643832403544,
        "mean": 0.18296815556287765
      },
      "var_last_2_layers_max": {
        "auroc": 0.7927828315826506,
        "mean": 1.5360862518548966
      },
      "var_last_2_layers_q25": {
        "auroc": 0.7854366654939606,
        "mean": 4.005024370230942e-8
      },
      "var_last_2_layers_q50": {
        "auroc": 0.7283761371060965,
        "mean": 0.000362945521548381
      },
      "var_last_2_layers_q75": {
        "auroc": 0.713775946122531,
        "mean": 0.022502087704225092
      },
      "var_last_2_layers_q90": {
        "auroc": 0.7423229632607932,
        "mean": 0.18984223390507396
      },
      "var_last_2_layers_q99": {
        "auroc": 0.7648054145516074,
        "mean": 0.9462522187530994
      },
      "var_last_3_layers_mean": {
        "auroc": 0.7742540751537081,
        "mean": 0.045834935845807195
      },
      "var_last_3_layers_std": {
        "auroc": 0.7867852775125229,
        "mean": 0.12215717620775103
      },
      "var_last_3_layers_max": {
        "auroc": 0.7909818900671792,
        "mean": 0.9924102312624454
      },
      "var_last_3_layers_q25": {
        "auroc": 0.7769010403578428,
        "mean": 3.555808615209291e-8
      },
      "var_last_3_layers_q50": {
        "auroc": 0.7007421554338175,
        "mean": 0.0003982345972556517
      },
      "var_last_3_layers_q75": {
        "auroc": 0.7070328860297197,
        "mean": 0.02381712678603435
      },
      "var_last_3_layers_q90": {
        "auroc": 0.7340637617061199,
        "mean": 0.14580106281617192
      },
      "var_last_3_layers_q99": {
        "auroc": 0.7588246134258095,
        "mean": 0.6229292915761471
      },
      "var_last_4_layers_mean": {
        "auroc": 0.7691946859660586,
        "mean": 0.038759091773070395
      },
      "var_last_4_layers_std": {
        "auroc": 0.7816756294918832,
        "mean": 0.09592645685002207
      },
      "var_last_4_layers_max": {
        "auroc": 0.7840377946424084,
        "mean": 0.7583693140149117
      },
      "var_last_4_layers_q25": {
        "auroc": 0.7500041882360826,
        "mean": 0.0000011178517678848773
      },
      "var_last_4_layers_q50": {
        "auroc": 0.6879931647987134,
        "mean": 0.00045176383578935753
      },
      "var_last_4_layers_q75": {
        "auroc": 0.6892412591512959,
        "mean": 0.02678301132447609
      },
      "var_last_4_layers_q90": {
        "auroc": 0.7305121375081669,
        "mean": 0.12483885271498002
      },
      "var_last_4_layers_q99": {
        "auroc": 0.7513192943659848,
        "mean": 0.48364299911260605
      }
    },
    "additive_influence": {
      "last_layer_mean": {
        "auroc": 0.7219346300112245,
        "mean": 0.15906178916618227
      },
      "last_layer_std": {
        "auroc": 0.7570320483825033,
        "mean": 0.31809649761021136
      },
      "last_layer_max": {
        "auroc": 0.7913839607310984,
        "mean": 1.7698671875
      },
      "last_layer_q25": {
        "auroc": 0.7756026871722705,
        "mean": 0.00003839968910324387
      },
      "last_layer_q50": {
        "auroc": 0.7200918061349283,
        "mean": 0.005063984028995037
      },
      "last_layer_q75": {
        "auroc": 0.675880786048148,
        "mean": 0.1468443260192871
      },