{
  "metrics": {
    "no_influence": {
      "last_layer_mean": {
        "auroc": 0.7344063993756706,
        "mean": 0.10610368716515674
      },
      "last_layer_std": {
        "auroc": 0.7442932396839333,
        "mean": 0.24330942532707112
      },
      "last_layer_max": {
        "auroc": 0.7401546190615549,
        "mean": 1.3046741731425322
      },
      "last_layer_q25": {
        "auroc": 0.7027753389913178,
        "mean": 0.000004854790215936629
      },
      "last_layer_q50": {
        "auroc": 0.703989854648327,
        "mean": 0.000904106389906542
      },
      "last_layer_q75": {
        "auroc": 0.7158155301921763,
        "mean": 0.05539272445267444
      },
      "last_layer_q90": {
        "auroc": 0.7204248366013072,
        "mean": 0.4126860552521774
      },
      "last_layer_q99": {
        "auroc": 0.7379084967320262,
        "mean": 1.0362429302736518
      },
      "var_last_2_layers_mean": {
        "auroc": 0.739537606087211,
        "mean": 0.03664714281558087
      },
      "var_last_2_layers_std": {
        "auroc": 0.7459321041849576,
        "mean": 0.11183832216248131
      },
      "var_last_2_layers_max": {
        "auroc": 0.7359916105745781,
        "mean": 0.8600120109373914
      },
      "var_last_2_layers_q25": {
        "auroc": 0.695532143205541,
        "mean": 1.432339286938991e-8
      },
      "var_last_2_layers_q50": {
        "auroc": 0.6967832406594479,
        "mean": 0.00003709049175519167
      },
      "var_last_2_layers_q75": {
        "auroc": 0.7101282801677885,
        "mean": 0.0071573090721059685
      },
      "var_last_2_layers_q90": {
        "auroc": 0.7105331187201249,
        "mean": 0.1068508249095068
      },
      "var_last_2_layers_q99": {
        "auroc": 0.7362598770851625,
        "mean": 0.5272581808387645
      },
      "var_last_3_layers_mean": {
        "auroc": 0.7385962345137059,
        "mean": 0.02793579863969002
      },
      "var_last_3_layers_std": {
        "auroc": 0.7466393522583163,
        "mean": 0.07702226634331505
      },
      "var_last_3_layers_max": {
        "auroc": 0.7373036776899815,
        "mean": 0.5689979280720071
      },
      "var_last_3_layers_q25": {
        "auroc": 0.6929397131987124,
        "mean": 1.2217209586124305e-8
      },
      "var_last_3_layers_q50": {
        "auroc": 0.6951492537313433,
        "mean": 0.0000657386781315058
      },
      "var_last_3_layers_q75": {
        "auroc": 0.7221905179982442,
        "mean": 0.008354289488737008
      },
      "var_last_3_layers_q90": {
        "auroc": 0.7113769388352356,
        "mean": 0.09357847931932596
      },
      "var_last_3_layers_q99": {
        "auroc": 0.7394741976392547,
        "mean": 0.35665211827127746
      },
      "var_last_4_layers_mean": {
        "auroc": 0.7360745293142134,
        "mean": 0.0242957539059973
      },
      "var_last_4_layers_std": {
        "auroc": 0.7468393327480246,
        "mean": 0.06229477660720596
      },
      "var_last_4_layers_max": {
        "auroc": 0.7319724904887328,
        "mean": 0.44502053965642835
      },
      "var_last_4_layers_q25": {
        "auroc": 0.6981001853477709,
        "mean": 3.1982259093213376e-8
      },
      "var_last_4_layers_q50": {
        "auroc": 0.6954345917471467,
        "mean": 0.00008611000477694025
      },
      "var_last_4_layers_q75": {
        "auroc": 0.7121134523461126,
        "mean": 0.01029683341857655
      },
      "var_last_4_layers_q90": {
        "auroc": 0.7100965759438103,
        "mean": 0.08579899215049776
      },
      "var_last_4_layers_q99": {
        "auroc": 0.734264949760999,
        "mean": 0.2843969064546499
      }
    },
    "rollout_influence": {
      "last_layer_mean": {
        "auroc": 0.7464491269144474,
        "mean": 0.11216680441613763
      },
      "last_layer_std": {
        "auroc": 0.7491513023119696,
        "mean": 0.24903934061459468
      },
      "last_layer_max": {
        "auroc": 0.7401082821188177,
        "mean": 1.3043306363722518
      },
      "last_layer_q25": {
        "auroc": 0.7284386889083992,
        "mean": 0.000010149648246255664
      },
      "last_layer_q50": {
        "auroc": 0.7280606770071213,
        "mean": 0.0016322830115417422
      },
      "last_layer_q75": {
        "auroc": 0.7368110428250902,
        "mean": 0.06833018589598198
      },
      "last_layer_q90": {
        "auroc": 0.7254682470002927,
        "mean": 0.4464909551358747
      },
      "last_layer_q99": {
        "auroc": 0.7206662764608331,
        "mean": 1.105129655515542
      },
      "var_last_2_layers_mean": {
        "auroc": 0.7435811140376548,
        "mean": 0.03939005304226783
      },
      "var_last_2_layers_std": {
        "auroc": 0.7436201346210127,
        "mean": 0.1153309877970347
      },
      "var_last_2_layers_max": {
        "auroc": 0.7359623451370598,
        "mean": 0.8591672237778903
      },
      "var_last_2_layers_q25": {
        "auroc": 0.7167544629792215,
        "mean": 5.3154468653464734e-8
      },
      "var_last_2_layers_q50": {
        "auroc": 0.722670958930836,
        "mean": 0.00008837737315968985
      },
      "var_last_2_layers_q75": {
        "auroc": 0.7275973075797483,
        "mean": 0.010279077960544907
      },
      "var_last_2_layers_q90": {
        "auroc": 0.7189127889961955,
        "mean": 0.12296754208977148
      },
      "var_last_2_layers_q99": {
        "auroc": 0.7165983806457907,
        "mean": 0.6019648764963128
      },
      "var_last_3_layers_mean": {
        "auroc": 0.7414349819529803,
        "mean": 0.030032726775761624
      },
      "var_last_3_layers_std": {
        "auroc": 0.7433274802458297,
        "mean": 0.07959396869559872
      },
      "var_last_3_layers_max": {
        "auroc": 0.7372744122524633,
        "mean": 0.5682151028102687
      },
      "var_last_3_layers_q25": {
        "auroc": 0.7126816895912594,
        "mean": 6.168817980014572e-8
      },
      "var_last_3_layers_q50": {
        "auroc": 0.7220929665398498,
        "mean": 0.00014882786132908724
      },
      "var_last_3_layers_q75": {
        "auroc": 0.7339601014535166,
        "mean": 0.011402711232104115
      },
      "var_last_3_layers_q90": {
        "auroc": 0.7103014340064383,
        "mean": 0.10460733684670095
      },
      "var_last_3_layers_q99": {
        "auroc": 0.7268315286313531,
        "mean": 0.40515907582706173
      },
      "var_last_4_layers_mean": {
        "auroc": 0.7381962735342893,
        "mean": 0.027144779713501006
      },
      "var_last_4_layers_std": {
        "auroc": 0.7409325919422495,
        "mean": 0.06590695258362714
      },
      "var_last_4_layers_max": {
        "auroc": 0.7319383474782948,
        "mean": 0.4444505125566628
      },
      "var_last_4_layers_q25": {
        "auroc": 0.7076577894839527,
        "mean": 1.7200844725663817e-7
      },
      "var_last_4_layers_q50": {
        "auroc": 0.7110647741683738,
        "mean": 0.000232206165112994
      },
      "var_last_4_layers_q75": {
        "auroc": 0.7207565115598479,
        "mean": 0.015325852752669934
      },
      "var_last_4_layers_q90": {
        "auroc": 0.7117427568042143,
        "mean": 0.09757217204366289
      },
      "var_last_4_layers_q99": {
        "auroc": 0.7179226416934933,
        "mean": 0.32511035154677415
      }
    },
    "additive_influence": {
      "last_layer_mean": {
        "auroc": 0.7390352160764803,
        "mean": 0.11666834904297542
      },
      "last_layer_std": {
        "auroc": 0.7469905375085356,
        "mean": 0.2534765234503717
      },
      "last_layer_max": {
        "auroc": 0.7401546190615549,
        "mean": 1.3046741731425322
      },
      "last_layer_q25": {
        "auroc": 0.7087357330992098,
        "mean": 0.00000954607571570915
      },
      "last_layer_q50": {
        "auroc": 0.7222709979514195,
        "mean": 0.0015213814763694019
      },
      "last_layer_q75": {
        "auroc": 0.7285484342990928,