{
    "dataset": "gsm8k",
    "benchmark_score": 0.7664897649734648,
    "se": 0.17119616851029837,
    "se_auroc": 0.6737510758282272,
    "pe": 0.08058323320269675,
    "pe_auroc": 0.6659505183244055,
    "ae": 2.5742901016854263,
    "ae_auroc": 0.5934043701106015
}