{
  "dataset": "hendrycks_math",
  "se": 0.41608187897354365,
  "pe": 2.4744856816727667,
  "ae": 1.944209218788147
}
