{
    "layer_evolution_mean_kl_divergence": {
        "all_sequence_3_raw_mean": 0.5359848484848485,
        "all_sequence_5_raw_mean": 0.5445075757575757,
        "all_sequence_10_raw_mean": 0.5662878787878788,
        "all_sequence_3_entropy": 0.4630681818181819,
        "all_sequence_5_entropy": 0.3835227272727273,
        "all_sequence_10_entropy": 0.4128787878787879,
        "all_sequence_3_prob": 0.46969696969696967,
        "all_sequence_5_prob": 0.4393939393939394,
        "all_sequence_10_prob": 0.45359848484848486,
        "5%_sequence_3_raw_mean": 0.38825757575757575,
        "5%_sequence_5_raw_mean": 0.4393939393939394,
        "5%_sequence_10_raw_mean": 0.5085227272727273,
        "5%_sequence_3_entropy": 0.3892045454545454,
        "5%_sequence_5_entropy": 0.3892045454545454,
        "5%_sequence_10_entropy": 0.5,
        "5%_sequence_3_prob": 0.38446969696969696,
        "5%_sequence_5_prob": 0.3986742424242424,
        "5%_sequence_10_prob": 0.4962121212121212,
        "10%_sequence_3_raw_mean": 0.41761363636363635,
        "10%_sequence_5_raw_mean": 0.4554924242424242,
        "10%_sequence_10_raw_mean": 0.4772727272727273,
        "10%_sequence_3_entropy": 0.5899621212121212,
        "10%_sequence_5_entropy": 0.5113636363636364,
        "10%_sequence_10_entropy": 0.5170454545454546,
        "10%_sequence_3_prob": 0.6022727272727273,
        "10%_sequence_5_prob": 0.5198863636363636,
        "10%_sequence_10_prob": 0.5236742424242424,
        "20%_sequence_3_raw_mean": 0.49810606060606066,
        "20%_sequence_5_raw_mean": 0.4602272727272727,
        "20%_sequence_10_raw_mean": 0.47632575757575757,
        "20%_sequence_3_entropy": 0.5170454545454546,
        "20%_sequence_5_entropy": 0.5350378787878788,
        "20%_sequence_10_entropy": 0.4412878787878788,
        "20%_sequence_3_prob": 0.512310606060606,
        "20%_sequence_5_prob": 0.5596590909090908,
        "20%_sequence_10_prob": 0.45265151515151514,
        "40%_sequence_3_raw_mean": 0.5350378787878789,
        "40%_sequence_5_raw_mean": 0.5369318181818181,
        "40%_sequence_10_raw_mean": 0.5142045454545454,
        "40%_sequence_3_entropy": 0.5018939393939393,
        "40%_sequence_5_entropy": 0.5284090909090908,
        "40%_sequence_10_entropy": 0.47537878787878785,
        "40%_sequence_3_prob": 0.49242424242424243,
        "40%_sequence_5_prob": 0.5549242424242424,
        "40%_sequence_10_prob": 0.5009469696969697
    }
}