{
    "logits_shannon_entropy": {
        "all_sequence_raw_mean": 0.7425679949399115,
        "all_sequence_entropy": 0.7160025300442757,
        "all_sequence_prob": 0.7103099304237824,
        "all_sequence_attention_rollout": 0.6869070208728653,
        "all_sequence_attention_influence_norm": 0.6654016445287793,
        "all_sequence_attention_influence_angle": 0.650853889943074,
        "all_sequence_attention_influence_projection": 0.6818469323213155,
        "5%_sequence_raw_mean": 0.7425679949399114,
        "5%_sequence_entropy": 0.5572422517394054,
        "5%_sequence_prob": 0.49462365591397844,
        "5%_sequence_attention_rollout": 0.6287160025300442,
        "5%_sequence_attention_influence_norm": 0.6375711574952561,
        "5%_sequence_attention_influence_angle": 0.6344086021505376,
        "5%_sequence_attention_influence_projection": 0.6679316888045541,
        "10%_sequence_raw_mean": 0.7501581277672359,
        "10%_sequence_entropy": 0.6204933586337762,
        "10%_sequence_prob": 0.5793801391524352,
        "10%_sequence_attention_rollout": 0.657179000632511,
        "10%_sequence_attention_influence_norm": 0.650853889943074,
        "10%_sequence_attention_influence_angle": 0.6382036685641999,
        "10%_sequence_attention_influence_projection": 0.6710942441492727,
        "20%_sequence_raw_mean": 0.7406704617330803,
        "20%_sequence_entropy": 0.6976597090449083,
        "20%_sequence_prob": 0.6907020872865276,
        "20%_sequence_attention_rollout": 0.6755218216318785,
        "20%_sequence_attention_influence_norm": 0.661606578115117,
        "20%_sequence_attention_influence_angle": 0.6438962681846933,
        "20%_sequence_attention_influence_projection": 0.6761543327008223,
        "40%_sequence_raw_mean": 0.7413029728020241,
        "40%_sequence_entropy": 0.7160025300442757,
        "40%_sequence_prob": 0.7103099304237824,
        "40%_sequence_attention_rollout": 0.6869070208728653,
        "40%_sequence_attention_influence_norm": 0.6647691334598356,
        "40%_sequence_attention_influence_angle": 0.6514864010120176,
        "40%_sequence_attention_influence_projection": 0.6818469323213155
    }
}