{
    "layer_evolution_mean_kl_divergence": {
        "all_sequence_3_raw_mean": 0.5359848484848485,
        "all_sequence_5_raw_mean": 0.5445075757575757,
        "all_sequence_10_raw_mean": 0.5662878787878788,
        "all_sequence_3_entropy": 0.4630681818181819,
        "all_sequence_5_entropy": 0.3835227272727273,
        "all_sequence_10_entropy": 0.4128787878787879,
        "all_sequence_3_prob": 0.46969696969696967,
        "all_sequence_5_prob": 0.4393939393939394,
        "all_sequence_10_prob": 0.45359848484848486,
        "5%_sequence_3_raw_mean": 0.38825757575757575,
        "5%_sequence_5_raw_mean": 0.4393939393939394,
        "5%_sequence_10_raw_mean": 0.5085227272727273,
        "5%_sequence_3_entropy": 0.3892045454545454,
        "5%_sequence_5_entropy": 0.3892045454545454,
        "5%_sequence_10_entropy": 0.5,
        "5%_sequence_3_prob": 0.38446969696969696,
        "5%_sequence_5_prob": 0.3986742424242424,
        "5%_sequence_10_prob": 0.4962121212121212,
        "10%_sequence_3_raw_mean": 0.41761363636363635,
        "10%_sequence_5_raw_mean": 0.4554924242424242,
        "10%_sequence_10_raw_mean": 0.4772727272727273,
        "10%_sequence_3_entropy": 0.5899621212121212,
        "10%_sequence_5_entropy": 0.5113636363636364,
        "10%_sequence_10_entropy": 0.5170454545454546,
        "10%_sequence_3_prob": 0.6022727272727273,
        "10%_sequence_5_prob": 0.5198863636363636,
        "10%_sequence_10_prob": 0.5236742424242424,
        "20%_sequence_3_raw_mean": 0.49810606060606066,
        "20%_sequence_5_raw_mean": 0.4602272727272727,
        "20%_sequence_10_raw_mean": 0.47632575757575757,
        "20%_sequence_3_entropy": 0.5170454545454546,
        "20%_sequence_5_entropy": 0.5350378787878788,
        "20%_sequence_10_entropy": 0.4412878787878788,
        "20%_sequence_3_prob": 0.512310606060606,
        "20%_sequence_5_prob": 0.5596590909090908,
        "20%_sequence_10_prob": 0.45265151515151514,
        "40%_sequence_3_raw_mean": 0.5350378787878789,
        "40%_sequence_5_raw_mean": 0.5369318181818181,
        "40%_sequence_10_raw_mean": 0.5142045454545454,
        "40%_sequence_3_entropy": 0.5018939393939393,
        "40%_sequence_5_entropy": 0.5284090909090908,
        "40%_sequence_10_entropy": 0.47537878787878785,
        "40%_sequence_3_prob": 0.49242424242424243,
        "40%_sequence_5_prob": 0.5549242424242424,
        "40%_sequence_10_prob": 0.5009469696969697
    },
    "layer_evolution_var_kl_divergence": {
        "all_sequence_3_raw_mean": 0.48390151515151514,
        "all_sequence_5_raw_mean": 0.49242424242424243,
        "all_sequence_10_raw_mean": 0.5236742424242424,
        "all_sequence_3_entropy": 0.4337121212121212,
        "all_sequence_5_entropy": 0.40151515151515155,
        "all_sequence_10_entropy": 0.3882575757575758,
        "all_sequence_3_prob": 0.4564393939393939,
        "all_sequence_5_prob": 0.4327651515151515,
        "all_sequence_10_prob": 0.41950757575757575,
        "5%_sequence_3_raw_mean": 0.38825757575757575,
        "5%_sequence_5_raw_mean": 0.46590909090909094,
        "5%_sequence_10_raw_mean": 0.48484848484848486,
        "5%_sequence_3_entropy": 0.42424242424242425,
        "5%_sequence_5_entropy": 0.5132575757575758,
        "5%_sequence_10_entropy": 0.5123106060606061,
        "5%_sequence_3_prob": 0.4185606060606061,
        "5%_sequence_5_prob": 0.5132575757575758,
        "5%_sequence_10_prob": 0.5220306513409961,
        "10%_sequence_3_raw_mean": 0.42992424242424243,
        "10%_sequence_5_raw_mean": 0.4526515151515152,
        "10%_sequence_10_raw_mean": 0.4895833333333333,
        "10%_sequence_3_entropy": 0.5284090909090908,
        "10%_sequence_5_entropy": 0.48200757575757575,
        "10%_sequence_10_entropy": 0.5246212121212122,
        "10%_sequence_3_prob": 0.5416666666666667,
        "10%_sequence_5_prob": 0.4895833333333333,
        "10%_sequence_10_prob": 0.5255681818181819,
        "20%_sequence_3_raw_mean": 0.4725378787878788,
        "20%_sequence_5_raw_mean": 0.46590909090909094,
        "20%_sequence_10_raw_mean": 0.4734848484848485,
        "20%_sequence_3_entropy": 0.49905303030303033,
        "20%_sequence_5_entropy": 0.553030303030303,
        "20%_sequence_10_entropy": 0.46117424242424243,
        "20%_sequence_3_prob": 0.4914772727272727,
        "20%_sequence_5_prob": 0.5615530303030303,
        "20%_sequence_10_prob": 0.4725378787878788,
        "40%_sequence_3_raw_mean": 0.4810606060606061,
        "40%_sequence_5_raw_mean": 0.4914772727272727,
        "40%_sequence_10_raw_mean": 0.4990530303030303,
        "40%_sequence_3_entropy": 0.4678030303030303,
        "40%_sequence_5_entropy": 0.4981060606060606,
        "40%_sequence_10_entropy": 0.4895833333333333,
        "40%_sequence_3_prob": 0.4734848484848485,
        "40%_sequence_5_prob": 0.5321969696969697,
        "40%_sequence_10_prob": 0.509469696969697
    },
    "layer_evolution_mean_shannon_entropy": {
        "all_sequence_3_raw_mean": 0.6837121212121211,
        "all_sequence_5_raw_mean": 0.7556818181818182,
        "all_sequence_10_raw_mean": 0.7234848484848484,
        "all_sequence_3_entropy": 0.5018939393939394,
        "all_sequence_5_entropy": 0.5397727272727273,
        "all_sequence_10_entropy": 0.5359848484848485,
        "all_sequence_3_prob": 0.48200757575757575,
        "all_sequence_5_prob": 0.5388257575757576,
        "all_sequence_10_prob": 0.5331439393939394,
        "5%_sequence_3_raw_mean": 0.6458333333333334,
        "5%_sequence_5_raw_mean": 0.7102272727272727,
        "5%_sequence_10_raw_mean": 0.7083333333333334,
        "5%_sequence_3_entropy": 0.6268939393939394,
        "5%_sequence_5_entropy": 0.6316287878787878,
        "5%_sequence_10_entropy": 0.6155303030303031,
        "5%_sequence_3_prob": 0.5795454545454546,
        "5%_sequence_5_prob": 0.606060606060606,
        "5%_sequence_10_prob": 0.6107954545454546,
        "10%_sequence_3_raw_mean": 0.6903409090909091,
        "10%_sequence_5_raw_mean": 0.7481060606060607,
        "10%_sequence_10_raw_mean": 0.7102272727272727,
        "10%_sequence_3_entropy": 0.6742424242424242,
        "10%_sequence_5_entropy": 0.6231060606060606,
        "10%_sequence_10_entropy": 0.65625,
        "10%_sequence_3_prob": 0.6553030303030304,
        "10%_sequence_5_prob": 0.5795454545454546,
        "10%_sequence_10_prob": 0.6183712121212122,
        "20%_sequence_3_raw_mean": 0.6789772727272727,
        "20%_sequence_5_raw_mean": 0.7518939393939394,
        "20%_sequence_10_raw_mean": 0.7121212121212122,
        "20%_sequence_3_entropy": 0.5700757575757576,
        "20%_sequence_5_entropy": 0.5814393939393939,
        "20%_sequence_10_entropy": 0.6496212121212122,
        "20%_sequence_3_prob": 0.5094696969696969,
        "20%_sequence_5_prob": 0.5492424242424243,
        "20%_sequence_10_prob": 0.6392045454545454,
        "40%_sequence_3_raw_mean": 0.6808712121212122,
        "40%_sequence_5_raw_mean": 0.7566287878787878,
        "40%_sequence_10_raw_mean": 0.7102272727272727,
        "40%_sequence_3_entropy": 0.5085227272727273,
        "40%_sequence_5_entropy": 0.5691287878787878,
        "40%_sequence_10_entropy": 0.6505681818181819,
        "40%_sequence_3_prob": 0.4933712121212121,
        "40%_sequence_5_prob": 0.5653409090909091,
        "40%_sequence_10_prob": 0.6410984848484849
    },
    "layer_evolution_var_shannon_entropy": {
        "all_sequence_3_raw_mean": 0.6960227272727273,
        "all_sequence_5_raw_mean": 0.7926136363636364,
        "all_sequence_10_raw_mean": 0.7490530303030303,
        "all_sequence_3_entropy": 0.5350378787878788,
        "all_sequence_5_entropy": 0.5956439393939394,
        "all_sequence_10_entropy": 0.5681818181818182,
        "all_sequence_3_prob": 0.5321969696969697,
        "all_sequence_5_prob": 0.5965909090909091,
        "all_sequence_10_prob": 0.5653409090909091,
        "5%_sequence_3_raw_mean": 0.6875,
        "5%_sequence_5_raw_mean": 0.759469696969697,